weights,w_base,w_v12ext,w_v11g93,w_chronos_ft,OOF_recency,OOF_bias_recency_pct,last_fold_bias_pct
"[1.0, 0.0, 0.0, 0.0]",1.0,0.0,0.0,0.0,0.41111,-0.8313,0.341
"[0.975, 0.0, 0.0, 0.025]",0.975,0.0,0.0,0.025,0.41323,-1.1165,0.318
"[0.95, 0.0, 0.0, 0.05]",0.95,0.0,0.0,0.05,0.41587,-1.4022000000000001,0.294
"[0.925, 0.0, 0.0, 0.075]",0.925,0.0,0.0,0.075,0.41911,-1.6871,0.271
"[0.9, 0.0, 0.0, 0.1]",0.9,0.0,0.0,0.1,0.42286999999999997,-1.9722999999999997,0.248
"[0.875, 0.0, 0.0, 0.125]",0.875,0.0,0.0,0.125,0.42719,-2.2577000000000003,0.225
"[0.85, 0.0, 0.0, 0.15]",0.85,0.0,0.0,0.15,0.43245,-2.5426,0.202
"[0.8, 0.0, 0.0, 0.2]",0.8,0.0,0.0,0.2,0.44428999999999996,-3.1130000000000004,0.156
"[0.975, 0.0, 0.025, 0.0]",0.975,0.0,0.025,0.0,0.41083000000000003,-0.9939,0.124
"[0.95, 0.0, 0.025, 0.025]",0.95,0.0,0.025,0.025,0.41295,-1.2791000000000001,0.101
"[0.925, 0.0, 0.025, 0.05]",0.925,0.0,0.025,0.05,0.41561,-1.5643000000000002,0.078
"[0.9, 0.0, 0.025, 0.075]",0.9,0.0,0.025,0.075,0.41885,-1.8492,0.055
"[0.875, 0.0, 0.025, 0.1]",0.875,0.0,0.025,0.1,0.42268,-2.1346,0.032
"[0.85, 0.0, 0.025, 0.125]",0.85,0.0,0.025,0.125,0.42711,-2.4198,0.009
"[0.825, 0.0, 0.025, 0.15]",0.825,0.0,0.025,0.15,0.43251,-2.7047000000000003,-0.014
"[0.775, 0.0, 0.025, 0.2]",0.775,0.0,0.025,0.2,0.44462,-3.2750999999999997,-0.06
"[0.95, 0.0, 0.05, 0.0]",0.95,0.0,0.05,0.0,0.41100000000000003,-1.156,-0.092
"[0.925, 0.0, 0.05, 0.025]",0.925,0.0,0.05,0.025,0.41327,-1.4412000000000003,-0.115
"[0.9, 0.0, 0.05, 0.05]",0.9,0.0,0.05,0.05,0.41608,-1.7264,-0.138
"[0.875, 0.0, 0.05, 0.075]",0.875,0.0,0.05,0.075,0.41944000000000004,-2.0115,-0.161
"[0.85, 0.0, 0.05, 0.1]",0.85,0.0,0.05,0.1,0.42347,-2.2967,-0.184
"[0.825, 0.0, 0.05, 0.125]",0.825,0.0,0.05,0.125,0.42817,-2.5818999999999996,-0.207
"[0.8, 0.0, 0.05, 0.15]",0.8,0.0,0.05,0.15,0.43362,-2.8668000000000005,-0.23
"[0.75, 0.0, 0.05, 0.2]",0.75,0.0,0.05,0.2,0.44578,-3.4377,-0.277
"[0.925, 0.0, 0.075, 0.0]",0.925,0.0,0.075,0.0,0.41176999999999997,-1.3180999999999998,-0.308
"[0.9, 0.0, 0.075, 0.025]",0.9,0.0,0.075,0.025,0.41411,-1.6033000000000002,-0.331
"[0.875, 0.0, 0.075, 0.05]",0.875,0.0,0.075,0.05,0.41692,-1.8887,-0.354
"[0.85, 0.0, 0.075, 0.075]",0.85,0.0,0.075,0.075,0.42033,-2.1736,-0.377
"[0.825, 0.0, 0.075, 0.1]",0.825,0.0,0.075,0.1,0.42438,-2.4588,-0.4
"[0.8, 0.0, 0.075, 0.125]",0.8,0.0,0.075,0.125,0.4293,-2.7439999999999998,-0.423
"[0.775, 0.0, 0.075, 0.15]",0.775,0.0,0.075,0.15,0.43478,-3.0294000000000003,-0.447
"[0.725, 0.0, 0.075, 0.2]",0.725,0.0,0.075,0.2,0.44695999999999997,-3.5998,-0.493
"[0.9, 0.0, 0.1, 0.0]",0.9,0.0,0.1,0.0,0.41262,-1.4802,-0.524
"[0.875, 0.0, 0.1, 0.025]",0.875,0.0,0.1,0.025,0.41498,-1.7656000000000003,-0.547
"[0.85, 0.0, 0.1, 0.05]",0.85,0.0,0.1,0.05,0.41781,-2.0508,-0.57
"[0.825, 0.0, 0.1, 0.075]",0.825,0.0,0.1,0.075,0.42127000000000003,-2.3357,-0.593
"[0.8, 0.0, 0.1, 0.1]",0.8,0.0,0.1,0.1,0.42537,-2.6214,-0.617
"[0.775, 0.0, 0.1, 0.125]",0.775,0.0,0.1,0.125,0.43044,-2.9066,-0.64
"[0.75, 0.0, 0.1, 0.15]",0.75,0.0,0.1,0.15,0.43589,-3.1915000000000004,-0.663
"[0.7, 0.0, 0.1, 0.2]",0.7,0.0,0.1,0.2,0.44812,-3.7620999999999993,-0.709
"[0.875, 0.0, 0.125, 0.0]",0.875,0.0,0.125,0.0,0.41346,-1.6425,-0.74
"[0.85, 0.0, 0.125, 0.025]",0.85,0.0,0.125,0.025,0.41585,-1.9277,-0.763
"[0.825, 0.0, 0.125, 0.05]",0.825,0.0,0.125,0.05,0.41868000000000005,-2.2134,-0.787
"[0.8, 0.0, 0.125, 0.075]",0.8,0.0,0.125,0.075,0.42221,-2.4982999999999995,-0.81
"[0.775, 0.0, 0.125, 0.1]",0.775,0.0,0.125,0.1,0.42647999999999997,-2.7835,-0.833
"[0.75, 0.0, 0.125, 0.125]",0.75,0.0,0.125,0.125,0.43155,-3.0686999999999998,-0.856
"[0.725, 0.0, 0.125, 0.15]",0.725,0.0,0.125,0.15,0.43705,-3.3536,-0.879
"[0.675, 0.0, 0.125, 0.2]",0.675,0.0,0.125,0.2,0.44935,-3.9242,-0.925
"[0.85, 0.0, 0.15, 0.0]",0.85,0.0,0.15,0.0,0.41430999999999996,-1.8051,-0.957
"[0.825, 0.0, 0.15, 0.025]",0.825,0.0,0.15,0.025,0.41669,-2.0903,-0.98
"[0.8, 0.0, 0.15, 0.05]",0.8,0.0,0.15,0.05,0.41962,-2.3754999999999997,-1.003
"[0.775, 0.0, 0.15, 0.075]",0.775,0.0,0.15,0.075,0.4232,-2.6604,-1.026
"[0.75, 0.0, 0.15, 0.1]",0.75,0.0,0.15,0.1,0.42759,-2.9455999999999998,-1.049
"[0.725, 0.0, 0.15, 0.125]",0.725,0.0,0.15,0.125,0.43271,-3.2308,-1.072
"[0.7, 0.0, 0.15, 0.15]",0.7,0.0,0.15,0.15,0.43821,-3.5159,-1.095
"[0.65, 0.0, 0.15, 0.2]",0.65,0.0,0.15,0.2,0.45058,-4.0863,-1.141
"[0.8, 0.0, 0.2, 0.0]",0.8,0.0,0.2,0.0,0.41608,-2.1293,-1.389
"[0.775, 0.0, 0.2, 0.025]",0.775,0.0,0.2,0.025,0.41847999999999996,-2.4145000000000003,-1.412
"[0.75, 0.0, 0.2, 0.05]",0.75,0.0,0.2,0.05,0.42148,-2.6997,-1.435
"[0.725, 0.0, 0.2, 0.075]",0.725,0.0,0.2,0.075,0.42525,-2.9846000000000004,-1.458
"[0.7, 0.0, 0.2, 0.1]",0.7,0.0,0.2,0.1,0.42989,-3.27,-1.481
"[0.675, 0.0, 0.2, 0.125]",0.675,0.0,0.2,0.125,0.43503000000000003,-3.5552,-1.504
"[0.65, 0.0, 0.2, 0.15]",0.65,0.0,0.2,0.15,0.4406,-3.8406000000000002,-1.528
"[0.6, 0.0, 0.2, 0.2]",0.6,0.0,0.2,0.2,0.45304,-4.4110000000000005,-1.574
"[0.975, 0.025, 0.0, 0.0]",0.975,0.025,0.0,0.0,0.41072999999999993,-0.9581,0.209
"[0.95, 0.025, 0.0, 0.025]",0.95,0.025,0.0,0.025,0.41292,-1.2433,0.186
"[0.925, 0.025, 0.0, 0.05]",0.925,0.025,0.0,0.05,0.41558000000000006,-1.5285,0.163
"[0.9, 0.025, 0.0, 0.075]",0.9,0.025,0.0,0.075,0.41877,-1.8134,0.14
"[0.875, 0.025, 0.0, 0.1]",0.875,0.025,0.0,0.1,0.42262,-2.0986000000000002,0.117
"[0.85, 0.025, 0.0, 0.125]",0.85,0.025,0.0,0.125,0.42696,-2.3838,0.094
"[0.825, 0.025, 0.0, 0.15]",0.825,0.025,0.0,0.15,0.43232000000000004,-2.6689,0.071
"[0.775, 0.025, 0.0, 0.2]",0.775,0.025,0.0,0.2,0.44425,-3.2398000000000002,0.024
"[0.95, 0.025, 0.025, 0.0]",0.95,0.025,0.025,0.0,0.4105,-1.1202,-0.007
"[0.925, 0.025, 0.025, 0.025]",0.925,0.025,0.025,0.025,0.41284,-1.4054,-0.03
"[0.9, 0.025, 0.025, 0.05]",0.9,0.025,0.025,0.05,0.41557,-1.6905999999999999,-0.053
"[0.875, 0.025, 0.025, 0.075]",0.875,0.025,0.025,0.075,0.41896,-1.9755000000000003,-0.076
"[0.85, 0.025, 0.025, 0.1]",0.85,0.025,0.025,0.1,0.42298,-2.2607,-0.099
"[0.825, 0.025, 0.025, 0.125]",0.825,0.025,0.025,0.125,0.42762,-2.5461,-0.122
"[0.8, 0.025, 0.025, 0.15]",0.8,0.025,0.025,0.15,0.4331,-2.8314999999999997,-0.146
"[0.75, 0.025, 0.025, 0.2]",0.75,0.025,0.025,0.2,0.44526,-3.4019000000000004,-0.192
"[0.925, 0.025, 0.05, 0.0]",0.925,0.025,0.05,0.0,0.41132,-1.2822999999999998,-0.223
"[0.9, 0.025, 0.05, 0.025]",0.9,0.025,0.05,0.025,0.41361,-1.5675000000000001,-0.246
"[0.875, 0.025, 0.05, 0.05]",0.875,0.025,0.05,0.05,0.41644000000000003,-1.8527000000000002,-0.269
"[0.85, 0.025, 0.05, 0.075]",0.85,0.025,0.05,0.075,0.41985,-2.1376,-0.292
"[0.825, 0.025, 0.05, 0.1]",0.825,0.025,0.05,0.1,0.42389,-2.4235,-0.316
"[0.8, 0.025, 0.05, 0.125]",0.8,0.025,0.05,0.125,0.42876000000000003,-2.7087000000000003,-0.339
"[0.775, 0.025, 0.05, 0.15]",0.775,0.025,0.05,0.15,0.43421,-2.9936000000000003,-0.362
"[0.725, 0.025, 0.05, 0.2]",0.725,0.025,0.05,0.2,0.44644,-3.5640000000000005,-0.408
"[0.9, 0.025, 0.075, 0.0]",0.9,0.025,0.075,0.0,0.41208999999999996,-1.4444,-0.439
"[0.875, 0.025, 0.075, 0.025]",0.875,0.025,0.075,0.025,0.41445,-1.7296,-0.462
"[0.85, 0.025, 0.075, 0.05]",0.85,0.025,0.075,0.05,0.41731,-2.0153,-0.486
"[0.825, 0.025, 0.075, 0.075]",0.825,0.025,0.075,0.075,0.42079,-2.3004000000000002,-0.509
"[0.8, 0.025, 0.075, 0.1]",0.8,0.025,0.075,0.1,0.42483,-2.5856000000000003,-0.532
"[0.775, 0.025, 0.075, 0.125]",0.775,0.025,0.075,0.125,0.42987,-2.8708,-0.555
"[0.75, 0.025, 0.075, 0.15]",0.75,0.025,0.075,0.15,0.43537000000000003,-3.1557,-0.578
"[0.7, 0.025, 0.075, 0.2]",0.7,0.025,0.075,0.2,0.44759000000000004,-3.7261,-0.624
"[0.875, 0.025, 0.1, 0.0]",0.875,0.025,0.1,0.0,0.41294000000000003,-1.607,-0.656
"[0.85, 0.025, 0.1, 0.025]",0.85,0.025,0.1,0.025,0.41531999999999997,-1.8922000000000003,-0.679
"[0.825, 0.025, 0.1, 0.05]",0.825,0.025,0.1,0.05,0.4182,-2.1776,-0.702
"[0.8, 0.025, 0.1, 0.075]",0.8,0.025,0.1,0.075,0.42168000000000005,-2.4625,-0.725
"[0.775, 0.025, 0.1, 0.1]",0.775,0.025,0.1,0.1,0.42591,-2.7477,-0.748
"[0.75, 0.025, 0.1, 0.125]",0.75,0.025,0.1,0.125,0.43103,-3.0329,-0.771
"[0.725, 0.025, 0.1, 0.15]",0.725,0.025,0.1,0.15,0.4365,-3.3178,-0.794
"[0.675, 0.025, 0.1, 0.2]",0.675,0.025,0.1,0.2,0.4488,-3.8882000000000003,-0.84
"[0.85, 0.025, 0.125, 0.0]",0.85,0.025,0.125,0.0,0.41381,-1.7691,-0.872
"[0.825, 0.025, 0.125, 0.025]",0.825,0.025,0.125,0.025,0.41619,-2.0545,-0.895
"[0.8, 0.025, 0.125, 0.05]",0.8,0.025,0.125,0.05,0.41912,-2.3397,-0.918
"[0.775, 0.025, 0.125, 0.075]",0.775,0.025,0.125,0.075,0.42264,-2.6246,-0.941
"[0.75, 0.025, 0.125, 0.1]",0.75,0.025,0.125,0.1,0.42705,-2.9097999999999997,-0.964
"[0.725, 0.025, 0.125, 0.125]",0.725,0.025,0.125,0.125,0.43213999999999997,-3.1950000000000003,-0.987
"[0.7, 0.025, 0.125, 0.15]",0.7,0.025,0.125,0.15,0.43766,-3.4798999999999998,-1.01
"[0.6499999999999999, 0.025, 0.125, 0.2]",0.6499999999999999,0.025,0.125,0.2,0.44998000000000005,-4.051,-1.057
"[0.825, 0.025, 0.15, 0.0]",0.825,0.025,0.15,0.0,0.41465,-1.9314,-1.088
"[0.8, 0.025, 0.15, 0.025]",0.8,0.025,0.15,0.025,0.41706,-2.2166,-1.111
"[0.775, 0.025, 0.15, 0.05]",0.775,0.025,0.15,0.05,0.42001,-2.5018000000000002,-1.134
"[0.75, 0.025, 0.15, 0.075]",0.75,0.025,0.15,0.075,0.42357999999999996,-2.7866999999999997,-1.157
"[0.725, 0.025, 0.15, 0.1]",0.725,0.025,0.15,0.1,0.42816,-3.0719,-1.18
"[0.7, 0.025, 0.15, 0.125]",0.7,0.025,0.15,0.125,0.4333,-3.3571,-1.203
"[0.675, 0.025, 0.15, 0.15]",0.675,0.025,0.15,0.15,0.43887,-3.6425,-1.227
"[0.625, 0.025, 0.15, 0.2]",0.625,0.025,0.15,0.2,0.45121,-4.2131,-1.273
"[0.775, 0.025, 0.2, 0.0]",0.775,0.025,0.2,0.0,0.41642,-2.2556000000000003,-1.52
"[0.75, 0.025, 0.2, 0.025]",0.75,0.025,0.2,0.025,0.41884999999999994,-2.5408,-1.543
"[0.725, 0.025, 0.2, 0.05]",0.725,0.025,0.2,0.05,0.42189,-2.826,-1.566
"[0.7, 0.025, 0.2, 0.075]",0.7,0.025,0.2,0.075,0.42579,-3.1113999999999997,-1.59
"[0.675, 0.025, 0.2, 0.1]",0.675,0.025,0.2,0.1,0.43048,-3.3966000000000003,-1.613
"[0.6499999999999999, 0.025, 0.2, 0.125]",0.6499999999999999,0.025,0.2,0.125,0.43562,-3.682,-1.636
"[0.625, 0.025, 0.2, 0.15]",0.625,0.025,0.2,0.15,0.44123999999999997,-3.9669,-1.659
"[0.95, 0.05, 0.0, 0.0]",0.95,0.05,0.0,0.0,0.41037,-1.0844,0.078
"[0.925, 0.05, 0.0, 0.025]",0.925,0.05,0.0,0.025,0.41256000000000004,-1.3696,0.055
"[0.9, 0.05, 0.0, 0.05]",0.9,0.05,0.0,0.05,0.41529000000000005,-1.6548,0.032
"[0.875, 0.05, 0.0, 0.075]",0.875,0.05,0.0,0.075,0.4185,-1.9397,0.009
"[0.85, 0.05, 0.0, 0.1]",0.85,0.05,0.0,0.1,0.4225,-2.2254,-0.015
"[0.825, 0.05, 0.0, 0.125]",0.825,0.05,0.0,0.125,0.42710000000000004,-2.5106,-0.038
"[0.8, 0.05, 0.0, 0.15]",0.8,0.05,0.0,0.15,0.43258,-2.7955,-0.061
"[0.75, 0.05, 0.0, 0.2]",0.75,0.05,0.0,0.2,0.44476000000000004,-3.3661,-0.107
"[0.925, 0.05, 0.025, 0.0]",0.925,0.05,0.025,0.0,0.41082,-1.2465000000000002,-0.138
"[0.9, 0.05, 0.025, 0.025]",0.9,0.05,0.025,0.025,0.41318,-1.5317,-0.161
"[0.875, 0.05, 0.025, 0.05]",0.875,0.05,0.025,0.05,0.41596,-1.8169,-0.184
"[0.85, 0.05, 0.025, 0.075]",0.85,0.05,0.025,0.075,0.41934,-2.1023,-0.208
"[0.825, 0.05, 0.025, 0.1]",0.825,0.05,0.025,0.1,0.42341,-2.3875,-0.231
"[0.8, 0.05, 0.025, 0.125]",0.8,0.05,0.025,0.125,0.42821,-2.6727,-0.254
"[0.775, 0.05, 0.025, 0.15]",0.775,0.05,0.025,0.15,0.43369,-2.9578,-0.277
"[0.725, 0.05, 0.025, 0.2]",0.725,0.05,0.025,0.2,0.44589,-3.5282,-0.323
"[0.9, 0.05, 0.05, 0.0]",0.9,0.05,0.05,0.0,0.41164,-1.4086,-0.354
"[0.875, 0.05, 0.05, 0.025]",0.875,0.05,0.05,0.025,0.41397,-1.6943000000000001,-0.378
"[0.85, 0.05, 0.05, 0.05]",0.85,0.05,0.05,0.05,0.4168,-1.9794999999999998,-0.401
"[0.825, 0.05, 0.05, 0.075]",0.825,0.05,0.05,0.075,0.42028,-2.2644,-0.424
"[0.8, 0.05, 0.05, 0.1]",0.8,0.05,0.05,0.1,0.42436999999999997,-2.5496000000000003,-0.447
"[0.775, 0.05, 0.05, 0.125]",0.775,0.05,0.05,0.125,0.42935,-2.8349999999999995,-0.47
"[0.75, 0.05, 0.05, 0.15]",0.75,0.05,0.05,0.15,0.43482,-3.1199000000000003,-0.493
"[0.7, 0.05, 0.05, 0.2]",0.7,0.05,0.05,0.2,0.44706999999999997,-3.6902999999999997,-0.539
"[0.875, 0.05, 0.075, 0.0]",0.875,0.05,0.075,0.0,0.41243,-1.5711999999999997,-0.571
"[0.85, 0.05, 0.075, 0.025]",0.85,0.05,0.075,0.025,0.41484,-1.8563999999999998,-0.594
"[0.825, 0.05, 0.075, 0.05]",0.825,0.05,0.075,0.05,0.41769,-2.1416,-0.617
"[0.8, 0.05, 0.075, 0.075]",0.8,0.05,0.075,0.075,0.42118999999999995,-2.4265,-0.64
"[0.775, 0.05, 0.075, 0.1]",0.775,0.05,0.075,0.1,0.42539000000000005,-2.7119,-0.663
"[0.75, 0.05, 0.075, 0.125]",0.75,0.05,0.075,0.125,0.43045999999999995,-2.9971,-0.686
"[0.725, 0.05, 0.075, 0.15]",0.725,0.05,0.075,0.15,0.43598000000000003,-3.2819999999999996,-0.709
"[0.675, 0.05, 0.075, 0.2]",0.675,0.05,0.075,0.2,0.44830000000000003,-3.8529000000000004,-0.756
"[0.85, 0.05, 0.1, 0.0]",0.85,0.05,0.1,0.0,0.41328,-1.7332999999999998,-0.787
"[0.825, 0.05, 0.1, 0.025]",0.825,0.05,0.1,0.025,0.41568000000000005,-2.0185,-0.81
"[0.8, 0.05, 0.1, 0.05]",0.8,0.05,0.1,0.05,0.41861000000000004,-2.3037,-0.833
"[0.775, 0.05, 0.1, 0.075]",0.775,0.05,0.1,0.075,0.42213,-2.5888,-0.856
"[0.75, 0.05, 0.1, 0.1]",0.75,0.05,0.1,0.1,0.4265,-2.8740000000000006,-0.879
"[0.725, 0.05, 0.1, 0.125]",0.725,0.05,0.1,0.125,0.43162,-3.1592,-0.902
"[0.7, 0.05, 0.1, 0.15]",0.7,0.05,0.1,0.15,0.43714,-3.4446,-0.926
"[0.6499999999999999, 0.05, 0.1, 0.2]",0.6499999999999999,0.05,0.1,0.2,0.44948,-4.015,-0.972
"[0.825, 0.05, 0.125, 0.0]",0.825,0.05,0.125,0.0,0.4142,-1.8954,-1.003
"[0.8, 0.05, 0.125, 0.025]",0.8,0.05,0.125,0.025,0.41655,-2.1806,-1.026
"[0.775, 0.05, 0.125, 0.05]",0.775,0.05,0.125,0.05,0.4195,-2.466,-1.049
"[0.75, 0.05, 0.125, 0.075]",0.75,0.05,0.125,0.075,0.42312,-2.7509,-1.072
"[0.725, 0.05, 0.125, 0.1]",0.725,0.05,0.125,0.1,0.42760999999999993,-3.0361,-1.095
"[0.7, 0.05, 0.125, 0.125]",0.7,0.05,0.125,0.125,0.43273,-3.3217999999999996,-1.119
"[0.675, 0.05, 0.125, 0.15]",0.675,0.05,0.125,0.15,0.43827000000000005,-3.6067,-1.142
"[0.625, 0.05, 0.125, 0.2]",0.625,0.05,0.125,0.2,0.45069000000000004,-4.1771,-1.188
"[0.8, 0.05, 0.15, 0.0]",0.8,0.05,0.15,0.0,0.41507000000000005,-2.0575,-1.219
"[0.775, 0.05, 0.15, 0.025]",0.775,0.05,0.15,0.025,0.41742,-2.3429,-1.242
"[0.75, 0.05, 0.15, 0.05]",0.75,0.05,0.15,0.05,0.42044000000000004,-2.6281,-1.265
"[0.725, 0.05, 0.15, 0.075]",0.725,0.05,0.15,0.075,0.42406,-2.9135,-1.289
"[0.7, 0.05, 0.15, 0.1]",0.7,0.05,0.15,0.1,0.42875,-3.1987,-1.312
"[0.675, 0.05, 0.15, 0.125]",0.675,0.05,0.15,0.125,0.43389,-3.4838999999999998,-1.335
"[0.65, 0.05, 0.15, 0.15]",0.65,0.05,0.15,0.15,0.43948,-3.7688000000000006,-1.358
"[0.6, 0.05, 0.15, 0.2]",0.6,0.05,0.15,0.2,0.45192,-4.3392,-1.404
"[0.75, 0.05, 0.2, 0.0]",0.75,0.05,0.2,0.0,0.41684,-2.3824,-1.652
"[0.725, 0.05, 0.2, 0.025]",0.725,0.05,0.2,0.025,0.41926,-2.6676,-1.675
"[0.7, 0.05, 0.2, 0.05]",0.7,0.05,0.2,0.05,0.42235,-2.9528,-1.698
"[0.675, 0.05, 0.2, 0.075]",0.675,0.05,0.2,0.075,0.42635999999999996,-3.2377000000000002,-1.721
"[0.6499999999999999, 0.05, 0.2, 0.1]",0.6499999999999999,0.05,0.2,0.1,0.43112,-3.5229,-1.744
"[0.625, 0.05, 0.2, 0.125]",0.625,0.05,0.2,0.125,0.43628,-3.8080999999999996,-1.767
"[0.6, 0.05, 0.2, 0.15]",0.6,0.05,0.2,0.15,0.44184999999999997,-4.093,-1.79
"[0.925, 0.075, 0.0, 0.0]",0.925,0.075,0.0,0.0,0.41034,-1.2107999999999999,-0.053
"[0.9, 0.075, 0.0, 0.025]",0.9,0.075,0.0,0.025,0.41269999999999996,-1.4964,-0.077
"[0.875, 0.075, 0.0, 0.05]",0.875,0.075,0.0,0.05,0.41553,-1.7815999999999999,-0.1
"[0.85, 0.075, 0.0, 0.075]",0.85,0.075,0.0,0.075,0.41893,-2.0668,-0.123
"[0.825, 0.075, 0.0, 0.1]",0.825,0.075,0.0,0.1,0.42296999999999996,-2.3517,-0.146
"[0.8, 0.075, 0.0, 0.125]",0.8,0.075,0.0,0.125,0.42769,-2.6369,-0.169
"[0.775, 0.075, 0.0, 0.15]",0.775,0.075,0.0,0.15,0.43317,-2.9221000000000004,-0.192
"[0.725, 0.075, 0.0, 0.2]",0.725,0.075,0.0,0.2,0.44538999999999995,-3.4924,-0.238
"[0.9, 0.075, 0.025, 0.0]",0.9,0.075,0.025,0.0,0.41115999999999997,-1.3736,-0.27
"[0.875, 0.075, 0.025, 0.025]",0.875,0.075,0.025,0.025,0.41352,-1.6585,-0.293
"[0.85, 0.075, 0.025, 0.05]",0.85,0.075,0.025,0.05,0.41637,-1.9436999999999998,-0.316
"[0.825, 0.075, 0.025, 0.075]",0.825,0.075,0.025,0.075,0.41981999999999997,-2.2289000000000003,-0.339
"[0.8, 0.075, 0.025, 0.1]",0.8,0.075,0.025,0.1,0.42388000000000003,-2.5138000000000003,-0.362
"[0.775, 0.075, 0.025, 0.125]",0.775,0.075,0.025,0.125,0.4288,-2.799,-0.385
"[0.75, 0.075, 0.025, 0.15]",0.75,0.075,0.025,0.15,0.4343,-3.0842000000000005,-0.408
"[0.7, 0.075, 0.025, 0.2]",0.7,0.075,0.025,0.2,0.44655,-3.6544999999999996,-0.454
"[0.875, 0.075, 0.05, 0.0]",0.875,0.075,0.05,0.0,0.41198,-1.5356999999999998,-0.486
"[0.85, 0.075, 0.05, 0.025]",0.85,0.075,0.05,0.025,0.41430999999999996,-1.8206,-0.509
"[0.825, 0.075, 0.05, 0.05]",0.825,0.075,0.05,0.05,0.41720999999999997,-2.1058,-0.532
"[0.8, 0.075, 0.05, 0.075]",0.8,0.075,0.05,0.075,0.42071000000000003,-2.391,-0.555
"[0.775, 0.075, 0.05, 0.1]",0.775,0.075,0.05,0.1,0.42484,-2.6759,-0.578
"[0.75, 0.075, 0.05, 0.125]",0.75,0.075,0.05,0.125,0.42994,-2.9611,-0.601
"[0.725, 0.075, 0.05, 0.15]",0.725,0.075,0.05,0.15,0.43546,-3.2464999999999997,-0.624
"[0.675, 0.075, 0.05, 0.2]",0.675,0.075,0.05,0.2,0.44773,-3.8171000000000004,-0.671
"[0.85, 0.075, 0.075, 0.0]",0.85,0.075,0.075,0.0,0.41285000000000005,-1.6978,-0.702
"[0.825, 0.075, 0.075, 0.025]",0.825,0.075,0.075,0.025,0.41518,-1.9827000000000001,-0.725
"[0.8, 0.075, 0.075, 0.05]",0.8,0.075,0.075,0.05,0.41813,-2.2679000000000005,-0.748
"[0.775, 0.075, 0.075, 0.075]",0.775,0.075,0.075,0.075,0.42167,-2.5531,-0.771
"[0.75, 0.075, 0.075, 0.1]",0.75,0.075,0.075,0.1,0.42598,-2.838,-0.794
"[0.725, 0.075, 0.075, 0.125]",0.725,0.075,0.075,0.125,0.43107,-3.1239,-0.818
"[0.7, 0.075, 0.075, 0.15]",0.7,0.075,0.075,0.15,0.43659000000000003,-3.4091,-0.841
"[0.65, 0.075, 0.075, 0.2]",0.65,0.075,0.075,0.2,0.44896,-3.9791999999999996,-0.887
"[0.825, 0.075, 0.1, 0.0]",0.825,0.075,0.1,0.0,0.41367,-1.8599,-0.918
"[0.8, 0.075, 0.1, 0.025]",0.8,0.075,0.1,0.025,0.41605000000000003,-2.1448,-0.941
"[0.775, 0.075, 0.1, 0.05]",0.775,0.075,0.1,0.05,0.41901999999999995,-2.4299999999999997,-0.964
"[0.75, 0.075, 0.1, 0.075]",0.75,0.075,0.1,0.075,0.42261,-2.7157,-0.988
"[0.725, 0.075, 0.1, 0.1]",0.725,0.075,0.1,0.1,0.42708999999999997,-3.0008,-1.011
"[0.7, 0.075, 0.1, 0.125]",0.7,0.075,0.1,0.125,0.43221,-3.286,-1.034
"[0.675, 0.075, 0.1, 0.15]",0.675,0.075,0.1,0.15,0.43775,-3.5712,-1.057
"[0.625, 0.075, 0.1, 0.2]",0.625,0.075,0.1,0.2,0.45019,-4.141299999999999,-1.103
"[0.8, 0.075, 0.125, 0.0]",0.8,0.075,0.125,0.0,0.41454,-2.0220000000000002,-1.134
"[0.775, 0.075, 0.125, 0.025]",0.775,0.075,0.125,0.025,0.41698999999999997,-2.3074,-1.158
"[0.75, 0.075, 0.125, 0.05]",0.75,0.075,0.125,0.05,0.41996,-2.5926,-1.181
"[0.725, 0.075, 0.125, 0.075]",0.725,0.075,0.125,0.075,0.42357,-2.8779999999999997,-1.204
"[0.7, 0.075, 0.125, 0.1]",0.7,0.075,0.125,0.1,0.42819999999999997,-3.1629000000000005,-1.227
"[0.675, 0.075, 0.125, 0.125]",0.675,0.075,0.125,0.125,0.43334,-3.4481,-1.25
"[0.65, 0.075, 0.125, 0.15]",0.65,0.075,0.125,0.15,0.43896,-3.7333,-1.273
"[0.6, 0.075, 0.125, 0.2]",0.6,0.075,0.125,0.2,0.45142000000000004,-4.3034,-1.319
"[0.775, 0.075, 0.15, 0.0]",0.775,0.075,0.15,0.0,0.41540999999999995,-2.1846,-1.351
"[0.75, 0.075, 0.15, 0.025]",0.75,0.075,0.15,0.025,0.41786,-2.4695,-1.374
"[0.725, 0.075, 0.15, 0.05]",0.725,0.075,0.15,0.05,0.4209,-2.7549,-1.397
"[0.7, 0.075, 0.15, 0.075]",0.7,0.075,0.15,0.075,0.42464999999999997,-3.0401,-1.42
"[0.675, 0.075, 0.15, 0.1]",0.675,0.075,0.15,0.1,0.42939,-3.325,-1.443
"[0.65, 0.075, 0.15, 0.125]",0.65,0.075,0.15,0.125,0.43455,-3.6102000000000003,-1.466
"[0.625, 0.075, 0.15, 0.15]",0.625,0.075,0.15,0.15,0.44011999999999996,-3.8954,-1.489
"[0.725, 0.075, 0.2, 0.0]",0.725,0.075,0.2,0.0,0.41725,-2.5090000000000003,-1.783
"[0.7, 0.075, 0.2, 0.025]",0.7,0.075,0.2,0.025,0.41972,-2.7939,-1.806
"[0.675, 0.075, 0.2, 0.05]",0.675,0.075,0.2,0.05,0.42278,-3.0791,-1.829
"[0.65, 0.075, 0.2, 0.075]",0.65,0.075,0.2,0.075,0.42695,-3.3643,-1.852
"[0.625, 0.075, 0.2, 0.1]",0.625,0.075,0.2,0.1,0.43171000000000004,-3.6491999999999996,-1.875
"[0.6, 0.075, 0.2, 0.125]",0.6,0.075,0.2,0.125,0.43687,-3.9349000000000003,-1.899
"[0.9, 0.1, 0.0, 0.0]",0.9,0.1,0.0,0.0,0.41071,-1.3376,-0.185
"[0.875, 0.1, 0.0, 0.025]",0.875,0.1,0.0,0.025,0.41304,-1.6225,-0.208
"[0.85, 0.1, 0.0, 0.05]",0.85,0.1,0.0,0.05,0.41589,-1.9079,-0.231
"[0.825, 0.1, 0.0, 0.075]",0.825,0.1,0.0,0.075,0.41934,-2.1931000000000003,-0.254
"[0.8, 0.1, 0.0, 0.1]",0.8,0.1,0.0,0.1,0.4234,-2.478,-0.277
"[0.775, 0.1, 0.0, 0.125]",0.775,0.1,0.0,0.125,0.42828,-2.7632,-0.3
"[0.75, 0.1, 0.0, 0.15]",0.75,0.1,0.0,0.15,0.43378,-3.0484,-0.323
"[0.7, 0.1, 0.0, 0.2]",0.7,0.1,0.0,0.2,0.4461,-3.619,-0.37
"[0.875, 0.1, 0.025, 0.0]",0.875,0.1,0.025,0.0,0.4115,-1.4997000000000003,-0.401
"[0.85, 0.1, 0.025, 0.025]",0.85,0.1,0.025,0.025,0.41388,-1.7848,-0.424
"[0.825, 0.1, 0.025, 0.05]",0.825,0.1,0.025,0.05,0.41678000000000004,-2.0700000000000003,-0.447
"[0.8, 0.1, 0.025, 0.075]",0.8,0.1,0.025,0.075,0.42027000000000003,-2.3551999999999995,-0.47
"[0.775, 0.1, 0.025, 0.1]",0.775,0.1,0.025,0.1,0.42435999999999996,-2.6401000000000003,-0.493
"[0.75, 0.1, 0.025, 0.125]",0.75,0.1,0.025,0.125,0.42939,-2.9258,-0.517
"[0.725, 0.1, 0.025, 0.15]",0.725,0.1,0.025,0.15,0.43491,-3.211,-0.54
"[0.675, 0.1, 0.025, 0.2]",0.675,0.1,0.025,0.2,0.44728,-3.7813,-0.586
"[0.85, 0.1, 0.05, 0.0]",0.85,0.1,0.05,0.0,0.41235,-1.662,-0.617
"[0.825, 0.1, 0.05, 0.025]",0.825,0.1,0.05,0.025,0.41475,-1.9469,-0.64
"[0.8, 0.1, 0.05, 0.05]",0.8,0.1,0.05,0.05,0.41765,-2.2321,-0.663
"[0.775, 0.1, 0.05, 0.075]",0.775,0.1,0.05,0.075,0.42116,-2.5178000000000003,-0.687
"[0.75, 0.1, 0.05, 0.1]",0.75,0.1,0.05,0.1,0.42541,-2.8027,-0.71
"[0.725, 0.1, 0.05, 0.125]",0.725,0.1,0.05,0.125,0.43053,-3.0879,-0.733
"[0.7, 0.1, 0.05, 0.15]",0.7,0.1,0.05,0.15,0.43606999999999996,-3.3731,-0.756
"[0.6499999999999999, 0.1, 0.05, 0.2]",0.6499999999999999,0.1,0.05,0.2,0.44843,-3.9433999999999996,-0.802
"[0.825, 0.1, 0.075, 0.0]",0.825,0.1,0.075,0.0,0.41318999999999995,-1.8241,-0.833
"[0.8, 0.1, 0.075, 0.025]",0.8,0.1,0.075,0.025,0.41554,-2.1095,-0.857
"[0.775, 0.1, 0.075, 0.05]",0.775,0.1,0.075,0.05,0.41851,-2.3947,-0.88
"[0.75, 0.1, 0.075, 0.075]",0.75,0.1,0.075,0.075,0.42215,-2.6799,-0.903
"[0.725, 0.1, 0.075, 0.1]",0.725,0.1,0.075,0.1,0.42655,-2.9648000000000003,-0.926
"[0.7, 0.1, 0.075, 0.125]",0.7,0.1,0.075,0.125,0.43166,-3.25,-0.949
"[0.675, 0.1, 0.075, 0.15]",0.675,0.1,0.075,0.15,0.43723,-3.5354,-0.972
"[0.625, 0.1, 0.075, 0.2]",0.625,0.1,0.075,0.2,0.44966,-4.1055,-1.018
"[0.8, 0.1, 0.1, 0.0]",0.8,0.1,0.1,0.0,0.41406000000000004,-1.9867,-1.05
"[0.775, 0.1, 0.1, 0.025]",0.775,0.1,0.1,0.025,0.41646,-2.2716000000000003,-1.073
"[0.75, 0.1, 0.1, 0.05]",0.75,0.1,0.1,0.05,0.41945,-2.5568000000000004,-1.096
"[0.725, 0.1, 0.1, 0.075]",0.725,0.1,0.1,0.075,0.42308999999999997,-2.842,-1.119
"[0.7, 0.1, 0.1, 0.1]",0.7,0.1,0.1,0.1,0.42766,-3.1269,-1.142
"[0.675, 0.1, 0.1, 0.125]",0.675,0.1,0.1,0.125,0.43282,-3.4122999999999997,-1.165
"[0.65, 0.1, 0.1, 0.15]",0.65,0.1,0.1,0.15,0.43836,-3.6975,-1.188
"[0.6, 0.1, 0.1, 0.2]",0.6,0.1,0.1,0.2,0.45087,-4.2676,-1.234
"[0.775, 0.1, 0.125, 0.0]",0.775,0.1,0.125,0.0,0.41496,-2.1488,-1.266
"[0.75, 0.1, 0.125, 0.025]",0.75,0.1,0.125,0.025,0.41735,-2.4337,-1.289
"[0.725, 0.1, 0.125, 0.05]",0.725,0.1,0.125,0.05,0.42039000000000004,-2.7189,-1.312
"[0.7, 0.1, 0.125, 0.075]",0.7,0.1,0.125,0.075,0.42411,-3.0041,-1.335
"[0.675, 0.1, 0.125, 0.1]",0.675,0.1,0.125,0.1,0.42884,-3.2892,-1.358
"[0.65, 0.1, 0.125, 0.125]",0.65,0.1,0.125,0.125,0.43398000000000003,-3.5744000000000007,-1.381
"[0.625, 0.1, 0.125, 0.15]",0.625,0.1,0.125,0.15,0.43957,-3.8596,-1.404
"[0.75, 0.1, 0.15, 0.0]",0.75,0.1,0.15,0.0,0.4158,-2.3109,-1.482
"[0.725, 0.1, 0.15, 0.025]",0.725,0.1,0.15,0.025,0.41827000000000003,-2.5958,-1.505
"[0.7, 0.1, 0.15, 0.05]",0.7,0.1,0.15,0.05,0.42135999999999996,-2.8810000000000002,-1.528
"[0.675, 0.1, 0.15, 0.075]",0.675,0.1,0.15,0.075,0.42527000000000004,-3.1664000000000003,-1.551
"[0.65, 0.1, 0.15, 0.1]",0.65,0.1,0.15,0.1,0.42998000000000003,-3.4513,-1.574
"[0.625, 0.1, 0.15, 0.125]",0.625,0.1,0.15,0.125,0.43514,-3.737,-1.598
"[0.6, 0.1, 0.15, 0.15]",0.6,0.1,0.15,0.15,0.44079999999999997,-4.0222,-1.621
"[0.7, 0.1, 0.2, 0.0]",0.7,0.1,0.2,0.0,0.41769,-2.6351,-1.914
"[0.675, 0.1, 0.2, 0.025]",0.675,0.1,0.2,0.025,0.42013,-2.9207,-1.938
"[0.6499999999999999, 0.1, 0.2, 0.05]",0.6499999999999999,0.1,0.2,0.05,0.42332,-3.2059,-1.961
"[0.625, 0.1, 0.2, 0.075]",0.625,0.1,0.2,0.075,0.42752,-3.4911,-1.984
"[0.6, 0.1, 0.2, 0.1]",0.6,0.1,0.2,0.1,0.43235,-3.776,-2.007
"[0.875, 0.125, 0.0, 0.0]",0.875,0.125,0.0,0.0,0.41105,-1.4639,-0.316
"[0.85, 0.125, 0.0, 0.025]",0.85,0.125,0.0,0.025,0.4134,-1.7488,-0.339
"[0.825, 0.125, 0.0, 0.05]",0.825,0.125,0.0,0.05,0.41635,-2.034,-0.362
"[0.8, 0.125, 0.0, 0.075]",0.8,0.125,0.0,0.075,0.41979,-2.3199,-0.386
"[0.775, 0.125, 0.0, 0.1]",0.775,0.125,0.0,0.1,0.42395,-2.6048,-0.409
"[0.75, 0.125, 0.0, 0.125]",0.75,0.125,0.0,0.125,0.42887,-2.89,-0.432
"[0.725, 0.125, 0.0, 0.15]",0.725,0.125,0.0,0.15,0.43438999999999994,-3.1752000000000002,-0.455
"[0.675, 0.125, 0.0, 0.2]",0.675,0.125,0.0,0.2,0.44677999999999995,-3.7453,-0.501
"[0.85, 0.125, 0.025, 0.0]",0.85,0.125,0.025,0.0,0.41192,-1.6260000000000001,-0.532
"[0.825, 0.125, 0.025, 0.025]",0.825,0.125,0.025,0.025,0.41426999999999997,-1.9114000000000002,-0.556
"[0.8, 0.125, 0.025, 0.05]",0.8,0.125,0.025,0.05,0.41718999999999995,-2.1967999999999996,-0.579
"[0.775, 0.125, 0.025, 0.075]",0.775,0.125,0.025,0.075,0.42074999999999996,-2.482,-0.602
"[0.75, 0.125, 0.025, 0.1]",0.75,0.125,0.025,0.1,0.42489,-2.7668999999999997,-0.625
"[0.725, 0.125, 0.025, 0.125]",0.725,0.125,0.025,0.125,0.43001,-3.0521000000000003,-0.648
"[0.7, 0.125, 0.025, 0.15]",0.7,0.125,0.025,0.15,0.43555,-3.3373000000000004,-0.671
"[0.6499999999999999, 0.125, 0.025, 0.2]",0.6499999999999999,0.125,0.025,0.2,0.44796,-3.9073999999999995,-0.717
"[0.825, 0.125, 0.05, 0.0]",0.825,0.125,0.05,0.0,0.41276,-1.7886,-0.749
"[0.8, 0.125, 0.05, 0.025]",0.8,0.125,0.05,0.025,0.41511,-2.0737,-0.772
"[0.775, 0.125, 0.05, 0.05]",0.775,0.125,0.05,0.05,0.41808,-2.3589,-0.795
"[0.75, 0.125, 0.05, 0.075]",0.75,0.125,0.05,0.075,0.42164,-2.6441,-0.818
"[0.725, 0.125, 0.05, 0.1]",0.725,0.125,0.05,0.1,0.42600000000000005,-2.9290000000000003,-0.841
"[0.7, 0.125, 0.05, 0.125]",0.7,0.125,0.05,0.125,0.43113999999999997,-3.2142000000000004,-0.864
"[0.675, 0.125, 0.05, 0.15]",0.675,0.125,0.05,0.15,0.43668,-3.4993999999999996,-0.887
"[0.625, 0.125, 0.05, 0.2]",0.625,0.125,0.05,0.2,0.44914,-4.0697,-0.933
"[0.8, 0.125, 0.075, 0.0]",0.8,0.125,0.075,0.0,0.41361,-1.9508999999999999,-0.965
"[0.775, 0.125, 0.075, 0.025]",0.775,0.125,0.075,0.025,0.41598,-2.2358000000000002,-0.988
"[0.75, 0.125, 0.075, 0.05]",0.75,0.125,0.075,0.05,0.41896999999999995,-2.521,-1.011
"[0.725, 0.125, 0.075, 0.075]",0.725,0.125,0.075,0.075,0.4226,-2.8062,-1.034
"[0.7, 0.125, 0.075, 0.1]",0.7,0.125,0.075,0.1,0.42713999999999996,-3.0911,-1.057
"[0.675, 0.125, 0.075, 0.125]",0.675,0.125,0.075,0.125,0.4323,-3.3763,-1.08
"[0.65, 0.125, 0.075, 0.15]",0.65,0.125,0.075,0.15,0.43784,-3.6614999999999998,-1.103
"[0.6, 0.125, 0.075, 0.2]",0.6,0.125,0.075,0.2,0.45037000000000005,-4.2322999999999995,-1.15
"[0.775, 0.125, 0.1, 0.0]",0.775,0.125,0.1,0.0,0.41445,-2.113,-1.181
"[0.75, 0.125, 0.1, 0.025]",0.75,0.125,0.1,0.025,0.41691999999999996,-2.3979,-1.204
"[0.725, 0.125, 0.1, 0.05]",0.725,0.125,0.1,0.05,0.41991,-2.6831,-1.227
"[0.7, 0.125, 0.1, 0.075]",0.7,0.125,0.1,0.075,0.42356,-2.9683,-1.25
"[0.675, 0.125, 0.1, 0.1]",0.675,0.125,0.1,0.1,0.4283,-3.2531999999999996,-1.273
"[0.65, 0.125, 0.1, 0.125]",0.65,0.125,0.1,0.125,0.43346,-3.5389,-1.297
"[0.625, 0.125, 0.1, 0.15]",0.625,0.125,0.1,0.15,0.43905000000000005,-3.8243,-1.32
"[0.75, 0.125, 0.125, 0.0]",0.75,0.125,0.125,0.0,0.41537,-2.2751,-1.397
"[0.725, 0.125, 0.125, 0.025]",0.725,0.125,0.125,0.025,0.41779,-2.56,-1.42
"[0.7, 0.125, 0.125, 0.05]",0.7,0.125,0.125,0.05,0.42084999999999995,-2.8452,-1.443
"[0.675, 0.125, 0.125, 0.075]",0.675,0.125,0.125,0.075,0.42474999999999996,-3.1309000000000005,-1.467
"[0.65, 0.125, 0.125, 0.1]",0.65,0.125,0.125,0.1,0.42946,-3.4158,-1.49
"[0.625, 0.125, 0.125, 0.125]",0.625,0.125,0.125,0.125,0.43462,-3.7012,-1.513
"[0.6, 0.125, 0.125, 0.15]",0.6,0.125,0.125,0.15,0.44028,-3.9863999999999997,-1.536
"[0.725, 0.125, 0.15, 0.0]",0.725,0.125,0.15,0.0,0.41623999999999994,-2.4372,-1.613
"[0.7, 0.125, 0.15, 0.025]",0.7,0.125,0.15,0.025,0.41871,-2.7226,-1.637
"[0.675, 0.125, 0.15, 0.05]",0.675,0.125,0.15,0.05,0.42181,-3.0078000000000005,-1.66
"[0.65, 0.125, 0.15, 0.075]",0.65,0.125,0.15,0.075,0.42586,-3.293,-1.683
"[0.625, 0.125, 0.15, 0.1]",0.625,0.125,0.15,0.1,0.43062,-3.5781,-1.706
"[0.6, 0.125, 0.15, 0.125]",0.6,0.125,0.15,0.125,0.43583000000000005,-3.8633,-1.729
"[0.675, 0.125, 0.2, 0.0]",0.675,0.125,0.2,0.0,0.41813,-2.7619,-2.046
"[0.6499999999999999, 0.125, 0.2, 0.025]",0.6499999999999999,0.125,0.2,0.025,0.42064,-3.0467999999999997,-2.069
"[0.625, 0.125, 0.2, 0.05]",0.625,0.125,0.2,0.05,0.42389,-3.3322000000000003,-2.092
"[0.6, 0.125, 0.2, 0.075]",0.6,0.125,0.2,0.075,0.42816,-3.6174,-2.115
"[0.85, 0.15, 0.0, 0.0]",0.85,0.15,0.0,0.0,0.41149,-1.5906999999999998,-0.448
"[0.825, 0.15, 0.0, 0.025]",0.825,0.15,0.0,0.025,0.41384,-1.8756000000000002,-0.471
"[0.8, 0.15, 0.0, 0.05]",0.8,0.15,0.0,0.05,0.41673000000000004,-2.1608,-0.494
"[0.775, 0.15, 0.0, 0.075]",0.775,0.15,0.0,0.075,0.42028999999999994,-2.446,-0.517
"[0.75, 0.15, 0.0, 0.1]",0.75,0.15,0.0,0.1,0.42445,-2.7311,-0.54
"[0.725, 0.15, 0.0, 0.125]",0.725,0.15,0.0,0.125,0.42954000000000003,-3.0162999999999998,-0.563
"[0.7, 0.15, 0.0, 0.15]",0.7,0.15,0.0,0.15,0.43508,-3.3015000000000003,-0.586
"[0.65, 0.15, 0.0, 0.2]",0.65,0.15,0.0,0.2,0.44749,-3.8716,-0.632
"[0.825, 0.15, 0.025, 0.0]",0.825,0.15,0.025,0.0,0.41230999999999995,-1.7528000000000004,-0.664
"[0.8, 0.15, 0.025, 0.025]",0.8,0.15,0.025,0.025,0.41468,-2.0377,-0.687
"[0.775, 0.15, 0.025, 0.05]",0.775,0.15,0.025,0.05,0.41767,-2.3229,-0.71
"[0.75, 0.15, 0.025, 0.075]",0.75,0.15,0.025,0.075,0.42123,-2.6083,-0.733
"[0.725, 0.15, 0.025, 0.1]",0.725,0.15,0.025,0.1,0.42552999999999996,-2.8932,-0.756
"[0.7, 0.15, 0.025, 0.125]",0.7,0.15,0.025,0.125,0.43067,-3.1784,-0.779
"[0.675, 0.15, 0.025, 0.15]",0.675,0.15,0.025,0.15,0.43621,-3.4636000000000005,-0.802
"[0.625, 0.15, 0.025, 0.2]",0.625,0.15,0.025,0.2,0.44869000000000003,-4.0342,-0.849
"[0.8, 0.15, 0.05, 0.0]",0.8,0.15,0.05,0.0,0.41318,-1.9148999999999998,-0.88
"[0.775, 0.15, 0.05, 0.025]",0.775,0.15,0.05,0.025,0.41555,-2.1997999999999998,-0.903
"[0.75, 0.15, 0.05, 0.05]",0.75,0.15,0.05,0.05,0.41854,-2.4852,-0.926
"[0.725, 0.15, 0.05, 0.075]",0.725,0.15,0.05,0.075,0.42218999999999995,-2.7704,-0.949
"[0.7, 0.15, 0.05, 0.1]",0.7,0.15,0.05,0.1,0.42664,-3.0553,-0.972
"[0.675, 0.15, 0.05, 0.125]",0.675,0.15,0.05,0.125,0.43179999999999996,-3.341,-0.996
"[0.65, 0.15, 0.05, 0.15]",0.65,0.15,0.05,0.15,0.43737000000000004,-3.6262,-1.019
"[0.6, 0.15, 0.05, 0.2]",0.6,0.15,0.05,0.2,0.44987,-4.1963,-1.065
"[0.775, 0.15, 0.075, 0.0]",0.775,0.15,0.075,0.0,0.41402,-2.077,-1.096
"[0.75, 0.15, 0.075, 0.025]",0.75,0.15,0.075,0.025,0.41644000000000003,-2.3621,-1.119
"[0.725, 0.15, 0.075, 0.05]",0.725,0.15,0.075,0.05,0.41942999999999997,-2.6472999999999995,-1.142
"[0.7, 0.15, 0.075, 0.075]",0.7,0.15,0.075,0.075,0.42314999999999997,-2.933,-1.166
"[0.675, 0.15, 0.075, 0.1]",0.675,0.15,0.075,0.1,0.42778,-3.2179,-1.189
"[0.65, 0.15, 0.075, 0.125]",0.65,0.15,0.075,0.125,0.43296,-3.5031,-1.212
"[0.625, 0.15, 0.075, 0.15]",0.625,0.15,0.075,0.15,0.43855,-3.7883,-1.235
"[0.75, 0.15, 0.1, 0.0]",0.75,0.15,0.1,0.0,0.41489,-2.2393,-1.312
"[0.725, 0.15, 0.1, 0.025]",0.725,0.15,0.1,0.025,0.41736,-2.5242,-1.335
"[0.7, 0.15, 0.1, 0.05]",0.7,0.15,0.1,0.05,0.42039,-2.8099,-1.359
"[0.675, 0.15, 0.1, 0.075]",0.675,0.15,0.1,0.075,0.4242,-3.0951,-1.382
"[0.65, 0.15, 0.1, 0.1]",0.65,0.15,0.1,0.1,0.42889,-3.3800000000000003,-1.405
"[0.625, 0.15, 0.1, 0.125]",0.625,0.15,0.1,0.125,0.43410000000000004,-3.6652,-1.428
"[0.6, 0.15, 0.1, 0.15]",0.6,0.15,0.1,0.15,0.43976000000000004,-3.9504,-1.451
"[0.725, 0.15, 0.125, 0.0]",0.725,0.15,0.125,0.0,0.41581,-2.4019,-1.529
"[0.7, 0.15, 0.125, 0.025]",0.7,0.15,0.125,0.025,0.41828,-2.6868,-1.552
"[0.675, 0.15, 0.125, 0.05]",0.675,0.15,0.125,0.05,0.42138,-2.972,-1.575
"[0.65, 0.15, 0.125, 0.075]",0.65,0.15,0.125,0.075,0.42532000000000003,-3.2572,-1.598
"[0.625, 0.15, 0.125, 0.1]",0.625,0.15,0.125,0.1,0.43010000000000004,-3.5421000000000005,-1.621
"[0.6, 0.15, 0.125, 0.125]",0.6,0.15,0.125,0.125,0.43533,-3.8273,-1.644
"[0.7, 0.15, 0.15, 0.0]",0.7,0.15,0.15,0.0,0.41673,-2.564,-1.745
"[0.675, 0.15, 0.15, 0.025]",0.675,0.15,0.15,0.025,0.41922000000000004,-2.8489,-1.768
"[0.65, 0.15, 0.15, 0.05]",0.65,0.15,0.15,0.05,0.42232000000000003,-3.1341,-1.791
"[0.625, 0.15, 0.15, 0.075]",0.625,0.15,0.15,0.075,0.4265,-3.4193,-1.814
"[0.6, 0.15, 0.15, 0.1]",0.6,0.15,0.15,0.1,0.43130999999999997,-3.7042,-1.837
"[0.65, 0.15, 0.2, 0.0]",0.65,0.15,0.2,0.0,0.41857,-2.8882000000000003,-2.177
"[0.625, 0.15, 0.2, 0.025]",0.625,0.15,0.2,0.025,0.42110000000000003,-3.1731,-2.2
"[0.6, 0.15, 0.2, 0.05]",0.6,0.15,0.2,0.05,0.42453,-3.4583,-2.223
"[0.8, 0.2, 0.0, 0.0]",0.8,0.2,0.0,0.0,0.41227,-1.8433000000000002,-0.71
"[0.775, 0.2, 0.0, 0.025]",0.775,0.2,0.0,0.025,0.41474,-2.1285,-0.733
"[0.75, 0.2, 0.0, 0.05]",0.75,0.2,0.0,0.05,0.41767,-2.4139,-0.757
"[0.725, 0.2, 0.0, 0.075]",0.725,0.2,0.0,0.075,0.4213,-2.6991,-0.78
"[0.7, 0.2, 0.0, 0.1]",0.7,0.2,0.0,0.1,0.42568,-2.9842999999999997,-0.803
"[0.675, 0.2, 0.0, 0.125]",0.675,0.2,0.0,0.125,0.43084,-3.2691999999999997,-0.826
"[0.65, 0.2, 0.0, 0.15]",0.65,0.2,0.0,0.15,0.4364,-3.5546,-0.849
"[0.6, 0.2, 0.0, 0.2]",0.6,0.2,0.0,0.2,0.44894999999999996,-4.1247,-0.895
"[0.775, 0.2, 0.025, 0.0]",0.775,0.2,0.025,0.0,0.41319,-2.0058999999999996,-0.927
"[0.75, 0.2, 0.025, 0.025]",0.75,0.2,0.025,0.025,0.41558,-2.2911,-0.95
"[0.725, 0.2, 0.025, 0.05]",0.725,0.2,0.025,0.05,0.41861000000000004,-2.576,-0.973
"[0.7, 0.2, 0.025, 0.075]",0.7,0.2,0.025,0.075,0.42225999999999997,-2.8612,-0.996
"[0.675, 0.2, 0.025, 0.1]",0.675,0.2,0.025,0.1,0.42679,-3.1464,-1.019
"[0.6499999999999999, 0.2, 0.025, 0.125]",0.6499999999999999,0.2,0.025,0.125,0.43196999999999997,-3.4314999999999998,-1.042
"[0.625, 0.2, 0.025, 0.15]",0.625,0.2,0.025,0.15,0.43757999999999997,-3.7167000000000003,-1.065
"[0.75, 0.2, 0.05, 0.0]",0.75,0.2,0.05,0.0,0.41406,-2.1679999999999997,-1.143
"[0.725, 0.2, 0.05, 0.025]",0.725,0.2,0.05,0.025,0.41645,-2.4532,-1.166
"[0.7, 0.2, 0.05, 0.05]",0.7,0.2,0.05,0.05,0.41955,-2.7381,-1.189
"[0.675, 0.2, 0.05, 0.075]",0.675,0.2,0.05,0.075,0.42322,-3.0233,-1.212
"[0.6499999999999999, 0.2, 0.05, 0.1]",0.6499999999999999,0.2,0.05,0.1,0.42793000000000003,-3.3087,-1.235
"[0.625, 0.2, 0.05, 0.125]",0.625,0.2,0.05,0.125,0.43313,-3.5936,-1.258
"[0.6, 0.2, 0.05, 0.15]",0.6,0.2,0.05,0.15,0.43874,-3.8788000000000005,-1.281
"[0.725, 0.2, 0.075, 0.0]",0.725,0.2,0.075,0.0,0.41495000000000004,-2.3301,-1.359
"[0.7, 0.2, 0.075, 0.025]",0.7,0.2,0.075,0.025,0.41739,-2.6153,-1.382
"[0.675, 0.2, 0.075, 0.05]",0.675,0.2,0.075,0.05,0.42049000000000003,-2.9002000000000003,-1.405
"[0.65, 0.2, 0.075, 0.075]",0.65,0.2,0.075,0.075,0.42433,-3.1856000000000004,-1.428
"[0.625, 0.2, 0.075, 0.1]",0.625,0.2,0.075,0.1,0.42911,-3.4707999999999997,-1.451
"[0.6, 0.2, 0.075, 0.125]",0.6,0.2,0.075,0.125,0.43426,-3.7557,-1.474
"[0.7, 0.2, 0.1, 0.0]",0.7,0.2,0.1,0.0,0.41581999999999997,-2.4922,-1.575
"[0.675, 0.2, 0.1, 0.025]",0.675,0.2,0.1,0.025,0.41831,-2.7774,-1.598
"[0.6499999999999999, 0.2, 0.1, 0.05]",0.6499999999999999,0.2,0.1,0.05,0.42145,-3.0625,-1.621
"[0.625, 0.2, 0.1, 0.075]",0.625,0.2,0.1,0.075,0.42544,-3.3477,-1.644
"[0.6, 0.2, 0.1, 0.1]",0.6,0.2,0.1,0.1,0.43027,-3.6334000000000004,-1.668
"[0.675, 0.2, 0.125, 0.0]",0.675,0.2,0.125,0.0,0.41674,-2.6543,-1.791
"[0.6499999999999999, 0.2, 0.125, 0.025]",0.6499999999999999,0.2,0.125,0.025,0.41925,-2.9397,-1.814
"[0.625, 0.2, 0.125, 0.05]",0.625,0.2,0.125,0.05,0.42242,-3.2251,-1.838
"[0.6, 0.2, 0.125, 0.075]",0.6,0.2,0.125,0.075,0.4266,-3.5102999999999995,-1.861
"[0.65, 0.2, 0.15, 0.0]",0.65,0.2,0.15,0.0,0.41766000000000003,-2.8171,-2.008
"[0.625, 0.2, 0.15, 0.025]",0.625,0.2,0.15,0.025,0.42018999999999995,-3.1023000000000005,-2.031
"[0.6, 0.2, 0.15, 0.05]",0.6,0.2,0.15,0.05,0.42352,-3.3872,-2.054
"[0.6, 0.2, 0.2, 0.0]",0.6,0.2,0.2,0.0,0.41957,-3.1413,-2.44
